﻿<parameters>
  <parameter name="IIS Web Application Name" defaultValue="PrimaryPackage" tags="IisApp">
    <parameterEntry kind="ProviderPath" scope="IisApp" match="^C:\\Projects\\Prowess\\WingTipTickets\\WebPortal\\Tenant\.Mvc\\obj\\Release\\Package\\PackageTmp$" />
    <parameterEntry kind="ProviderPath" scope="setAcl" match="^C:\\Projects\\Prowess\\WingTipTickets\\WebPortal\\Tenant\.Mvc\\obj\\Release\\Package\\PackageTmp$" />
  </parameter>
  <parameter name="DefaultConnection-Web.config Connection String" defaultValue="DefaultConnection_ConnectionString">
    <parameterEntry kind="XmlFile" scope="C:\\Projects\\Prowess\\WingTipTickets\\WebPortal\\Tenant\.Mvc\\obj\\Release\\Package\\PackageTmp\\Web\.config$" match="/configuration/connectionStrings/add[@name='DefaultConnection']/@connectionString" />
  </parameter>
  <parameter name="recommendationConnection-Web.config Connection String" defaultValue="Data Source=.;Initial Catalog=ProductRecommendations;Integrated Security=False;User=developer;Password=P@ssword1">
    <parameterEntry kind="XmlFile" scope="C:\\Projects\\Prowess\\WingTipTickets\\WebPortal\\Tenant\.Mvc\\obj\\Release\\Package\\PackageTmp\\Web\.config$" match="/configuration/connectionStrings/add[@name='recommendationConnection']/@connectionString" />
  </parameter>
  <parameter name="tenantConnection-Web.config Connection String" defaultValue="Data Source=wernerstestprimary.database.windows.net,1433;Initial Catalog=Customer1;Integrated Security=False;User=developer;Password=P@ssword1">
    <parameterEntry kind="XmlFile" scope="C:\\Projects\\Prowess\\WingTipTickets\\WebPortal\\Tenant\.Mvc\\obj\\Release\\Package\\PackageTmp\\Web\.config$" match="/configuration/connectionStrings/add[@name='tenantConnection']/@connectionString" />
  </parameter>
  <parameter name="WingTipTicketsEntities-Web.config Connection String" defaultValue="metadata=res://*/Core.Contexts.WingTipTicketModel.csdl|res://*/Core.Contexts.WingTipTicketModel.ssdl|res://*/Core.Contexts.WingTipTicketModel.msl;provider=System.Data.SqlClient;provider connection string=&quot;data source=.;initial catalog=WingTipTicketsTenantPri;integrated security=False;user id=developer;password=P@ssword1;multipleactiveresultsets=True;application name=EntityFramework&quot;">
    <parameterEntry kind="XmlFile" scope="C:\\Projects\\Prowess\\WingTipTickets\\WebPortal\\Tenant\.Mvc\\obj\\Release\\Package\\PackageTmp\\Web\.config$" match="/configuration/connectionStrings/add[@name='WingTipTicketsEntities']/@connectionString" />
  </parameter>
</parameters>